<DATE>,silver,sp500,gold,brent,palladium,platinum,plumbum,cuprum
24/03/22,25.955,4520.16,1961.5,118.2,2534.0,1029.9,2314.0,10415.774435
25/03/22,25.725,4543.06,1957.6,119.98,2343.5,1005.6,2353.25,10339.7147
29/03/22,24.955,4631.6,1923.0,108.56,2152.5,983.5,2389.0,10491.83417
30/03/22,24.77,4602.45,1929.4,111.0,2269.0,994.0,2424.5,10463.17398
31/03/22,25.005,4530.41,1943.1,105.65,2278.5,988.1,2420.5,10442.229995
01/04/22,24.755,4545.86,1928.5,104.75,2280.0,990.1,2450.09,10373.886465
04/04/22,24.58,4582.64,1932.0,107.98,2296.0,991.5,2417.25,10553.56381
05/04/22,24.465,4525.12,1926.6,105.68,2238.5,968.6,2425.29,10491.83417
06/04/22,24.435,4481.15,1925.0,101.65,2191.5,954.3,2400.0,10397.03508
07/04/22,24.72,4500.21,1933.9,101.41,2250.0,963.8,2375.75,10389.318875
08/04/22,24.905,4488.28,1950.4,102.4,2423.0,975.5,2390.5,10425.69527
11/04/22,25.365,4412.53,1963.2,99.35,2444.5,981.3,2382.25,10215.153105
12/04/22,25.715,4397.45,1973.6,104.93,2330.5,968.2,2405.5,10365.067945
13/04/22,26.0,4446.59,1977.2,108.88,2331.0,987.3,2453.75,10377.19341
14/04/22,25.855,4392.59,1977.1,111.66,2346.0,991.1,2440.25,10406.955915
19/04/22,25.185,4462.21,1946.5,107.6,2372.5,990.3,2448.49,10369.477205
20/04/22,25.14,4459.45,1953.5,107.23,2441.5,987.3,2418.25,10283.496635
21/04/22,24.575,4393.66,1952.1,108.83,2428.5,968.3,2398.75,10328.69155
22/04/22,24.19,4271.78,1932.5,106.2,2363.0,923.0,2389.0,10099.41003
25/04/22,23.87,4296.12,1903.2,102.63,2161.0,912.6,2323.15,9881.15166
26/04/22,23.585,4175.2,1899.6,104.87,2183.0,916.2,2317.1,9708.088205
27/04/22,23.195,4183.96,1879.2,104.94,2214.0,908.9,2278.41,9794.068775
28/04/22,23.325,4287.5,1905.6,107.12,2227.0,911.5,2255.0,9776.431735
29/04/22,22.785,4131.93,1896.9,106.08,2314.0,932.0,2259.0,9673.91644
03/05/22,22.595,4175.48,1864.5,105.94,2248.0,958.7,2246.75,9490.93215
04/05/22,23.19,4300.17,1901.8,110.22,2260.0,986.4,2278.2,9635.335415
05/05/22,22.425,4146.87,1876.5,111.06,2170.0,962.0,2266.0,9472.192795
06/05/22,22.37,4123.34,1882.8,113.22,2032.0,947.4,2222.5,9366.370555
09/05/22,22.03,3991.24,1863.5,105.25,2090.0,936.1,2141.75,9249.525165
10/05/22,21.405,4001.05,1835.2,101.6,2020.0,943.6,2100.2,9184.48858
11/05/22,21.43,3935.18,1852.7,107.51,2003.0,982.5,2105.17,9288.10619
12/05/22,20.755,3930.08,1823.2,107.92,1921.0,938.3,2078.5,9027.95985
13/05/22,21.125,4023.89,1810.3,111.22,1925.5,930.8,2044.35,9183.386265
16/05/22,21.575,4008.01,1821.7,114.03,1996.0,928.9,2077.24,9279.28767
17/05/22,21.535,4088.85,1806.4,112.83,2035.0,940.3,2085.5,9334.40342
18/05/22,21.445,3923.68,1814.1,109.25,1978.0,915.0,2041.25,9162.44228
19/05/22,21.86,3900.79,1840.1,111.5,1991.0,947.5,2058.45,9420.38399
20/05/22,21.765,3901.36,1845.1,112.91,1939.0,948.6,2186.5,9485.420575
23/05/22,21.775,3973.75,1854.0,113.47,1978.5,947.0,2197.0,9540.536325
24/05/22,22.075,3941.48,1861.1,113.84,1996.5,945.8,2161.05,9509.671505
25/05/22,21.865,3978.73,1848.7,114.5,2000.0,936.4,2089.5,9421.486305
26/05/22,22.12,4057.84,1852.4,114.46,2002.5,939.1,2115.5,9412.667785
27/05/22,22.135,4158.24,1850.6,115.32,2051.5,943.0,2156.0,9527.308545
31/05/22,21.515,4132.15,1839.0,116.27,1992.5,960.7,2173.7,9449.04418
01/06/22,21.8,4101.23,1847.2,115.9,1992.0,991.1,2163.0,9527.308545
06/06/22,21.965,4121.43,1842.4,119.99,1998.5,1022.1,2206.5,9759.89701
07/06/22,22.095,4160.68,1848.8,121.0,1979.0,1013.4,2219.0,9809.501185
08/06/22,22.13,4115.77,1857.5,123.94,1932.0,1009.6,2233.51,9799.58035
09/06/22,21.65,4017.82,1846.9,122.93,1921.0,969.8,2197.0,9603.36828
10/06/22,21.925,3900.86,1875.2,121.93,1920.0,972.0,2143.75,9436.918715
13/06/22,21.14,3749.63,1826.8,122.36,1777.0,929.4,2087.0,9268.26452
14/06/22,21.125,3735.48,1816.8,121.09,1809.0,915.6,2061.5,9123.861255
15/06/22,21.675,3789.99,1834.6,118.98,1850.0,936.2,2066.25,9206.53488
16/06/22,21.795,3666.77,1844.6,119.03,1870.5,947.3,2093.01,9029.062165
17/06/22,21.63,3674.84,1841.9,113.61,1795.5,929.2,2052.75,8840.5663
21/06/22,21.395,3764.79,1829.4,114.89,1856.5,938.1,2062.5,8871.43112
22/06/22,21.24,3759.89,1834.3,110.03,1840.0,926.3,2020.25,8658.684325
23/06/22,20.99,3795.73,1826.2,109.83,1832.5,906.1,1945.5,8277.283335
24/06/22,21.13,3911.74,1828.1,113.19,1856.5,904.2,1913.25,8243.11157
27/06/22,21.185,3900.11,1827.3,111.21,1870.0,902.6,2006.5,8266.260185
28/06/22,20.73,3821.55,1821.5,114.0,1865.0,908.5,1965.0,8280.59028
29/06/22,20.67,3818.83,1817.9,112.3,1956.0,911.1,1923.3,8332.399085
30/06/22,19.98,3785.38,1801.5,109.2,1909.0,888.3,1903.5,8116.345345
01/07/22,19.855,3825.33,1812.9,111.48,1936.5,877.4,1937.5,7969.73745
05/07/22,19.08,3831.39,1767.4,104.8,1914.5,853.3,1960.25,7580.620255
06/07/22,19.31,3845.08,1743.9,99.8,1907.0,842.6,1986.0,7577.31331
07/07/22,19.125,3902.62,1740.4,104.1,1985.0,865.2,1979.0,7817.61798
08/07/22,19.235,3899.38,1740.9,107.15,2168.0,883.7,1930.25,7760.2976
11/07/22,19.015,3854.43,1731.5,106.41,2143.5,857.6,1963.0,7534.323025
12/07/22,18.895,3818.8,1725.2,99.22,2025.0,823.7,1971.5,7181.582225
13/07/22,19.095,3801.78,1730.1,99.85,1964.5,830.9,1970.5,7290.71141
14/07/22,18.245,3790.38,1706.0,99.71,1901.5,824.3,1855.0,7126.466475
15/07/22,18.66,3863.16,1706.5,101.13,1821.0,832.6,1966.15,7155.126665
18/07/22,18.595,3830.85,1707.1,105.69,1857.5,849.6,2015.0,7302.836875
19/07/22,18.735,3936.69,1710.3,107.27,1869.0,862.0,1993.25,7277.48363
20/07/22,18.465,3959.9,1689.0,106.61,1855.5,840.7,2045.25,7302.836875
21/07/22,18.665,3998.95,1712.5,103.89,1882.5,858.3,2024.24,7295.12067
22/07/22,18.49,3961.63,1725.3,103.61,2031.5,864.1,2023.75,7325.98549
25/07/22,18.415,3966.84,1722.2,104.89,1996.0,869.8,2014.5,7399.840595
26/07/22,18.475,3921.05,1714.6,99.72,2017.5,865.4,2034.0,7497.94663
27/07/22,19.195,4023.61,1735.0,102.33,2027.0,882.1,2020.0,7659.986935
28/07/22,20.09,4072.43,1779.1,102.4,2082.5,880.1,2001.48,7700.77259
29/07/22,20.335,4130.29,1782.7,104.0,2123.5,890.5,2037.25,7924.542535
01/08/22,20.22,4118.63,1790.9,99.93,2203.0,904.7,2057.75,7795.57168
02/08/22,19.975,4091.19,1785.0,99.92,2058.0,887.0,2049.0,7655.577675
03/08/22,19.95,4155.17,1787.0,97.1,2006.5,888.8,2022.5,7656.67999
04/08/22,20.255,4151.94,1809.0,93.6,2071.5,927.2,2042.5,7672.1124
05/08/22,19.86,4145.19,1792.4,94.66,2129.5,931.9,2094.75,7825.334185
08/08/22,20.685,4140.06,1802.0,96.52,2228.5,942.8,2187.0,7904.700865
09/08/22,20.425,4122.47,1807.4,96.53,2214.5,933.7,2178.5,7904.700865
10/08/22,20.43,4210.24,1801.1,97.06,2246.5,944.6,2188.0,8024.8532
11/08/22,20.33,4207.27,1806.5,99.42,2287.0,954.5,2208.5,8143.90322
12/08/22,20.835,4280.15,1818.9,98.01,2221.0,963.4,2189.75,8110.83377
15/08/22,20.2,4297.14,1796.2,93.47,2150.0,929.2,2173.5,7935.565685
16/08/22,20.045,4305.2,1790.1,92.76,2163.5,932.9,2157.5,7988.476805
17/08/22,19.575,4274.04,1775.9,93.05,2140.0,920.8,2112.75,7905.80318
18/08/22,19.305,4283.74,1767.2,96.58,2151.0,905.5,2068.0,8025.955515
19/08/22,18.965,4228.48,1760.3,96.09,2130.0,889.3,2038.0,8098.708305
22/08/22,18.85,4137.99,1751.2,96.69,1994.5,868.0,2008.75,8061.229595
23/08/22,18.925,4128.73,1758.1,100.15,1979.5,872.3,1969.75,8118.549975
24/08/22,19.105,4140.77,1769.2,101.73,2030.5,866.7,1967.5,8020.44394
25/08/22,19.17,4199.12,1770.2,99.83,2137.5,871.8,1972.44,8145.005535
26/08/22,18.775,4057.66,1750.8,98.9,2108.5,852.0,1983.61,8150.51711
30/08/22,18.355,3986.16,1735.3,98.47,2063.5,832.5,1983.5,7831.948075
31/08/22,17.52,3955.0,1715.2,94.96,2083.0,822.1,1946.25,7737.148985
01/09/22,17.72,3966.85,1710.3,92.17,2014.0,808.5,1899.25,7527.709135
02/09/22,17.91,3924.26,1722.6,93.28,2022.0,818.2,1885.25,7497.94663
06/09/22,17.765,3908.19,1704.0,92.85,1992.5,835.8,1891.7,7615.894335
07/09/22,18.385,3979.87,1725.7,87.71,2038.0,852.2,1901.0,7598.257295
08/09/22,18.725,4006.18,1729.9,88.61,2137.0,871.4,1880.75,7845.175855
09/09/22,18.785,4067.36,1727.6,92.42,2174.0,873.0,1915.25,7831.948075
12/09/22,19.61,4110.41,1731.9,94.26,2264.5,902.0,1944.12,7976.35134
13/09/22,19.295,3932.69,1710.4,93.55,2085.0,876.6,1948.0,7786.75316
14/09/22,19.5,3946.01,1701.9,94.64,2170.5,903.7,1954.75,7759.195285
15/09/22,19.175,3901.35,1672.7,90.8,2132.5,900.2,1906.25,7629.122115
16/09/22,19.615,3873.33,1684.5,91.57,2137.0,905.2,1874.0,7811.00409
19/09/22,19.565,3899.89,1685.3,91.73,2217.5,920.3,1865.5,7777.93464
20/09/22,19.3,3855.93,1671.7,90.87,2169.5,925.1,1862.25,7714.00037
21/09/22,19.37,3789.93,1668.3,90.0,2145.5,907.6,1820.0,7570.69942
22/09/22,19.615,3757.99,1677.0,90.33,2170.0,903.8,1837.26,7637.940635
23/09/22,18.835,3693.23,1651.7,86.65,2073.0,852.9,1787.5,7382.203555
26/09/22,18.46,3655.04,1638.1,82.72,2049.5,849.7,1739.0,7257.64196
27/09/22,18.16,3647.29,1631.6,84.43,2074.5,847.8,1737.5,7262.05122
28/09/22,18.765,3719.04,1662.8,87.93,2144.5,863.9,1830.5,7450.547085
29/09/22,18.815,3640.47,1670.1,87.46,2222.5,865.0,1877.0,7571.801735
30/09/22,19.015,3585.62,1668.3,85.57,2169.0,857.4,1912.15,7471.49107
03/10/22,20.97,3678.43,1708.8,88.7,2239.5,903.2,1863.25,7529.913765
04/10/22,20.865,3790.93,1728.2,91.76,2317.5,935.3,1958.5,7700.77259
05/10/22,20.845,3783.28,1730.7,93.79,2262.0,924.0,2075.25,7809.901775
06/10/22,20.755,3744.52,1717.6,94.92,2265.5,921.5,2081.25,7577.31331
07/10/22,20.16,3639.66,1701.8,98.45,2196.0,915.5,2116.0,7458.26329
10/10/22,19.475,3612.39,1670.7,96.07,2189.5,902.0,2024.5,7576.210995
11/10/22,19.1,3588.84,1672.0,93.8,2128.5,887.0,2057.49,7549.755435
12/10/22,18.93,3577.03,1675.7,92.41,2150.0,883.7,2076.25,7560.778585
13/10/22,18.975,3669.91,1674.9,94.69,2112.0,897.3,2092.0,7639.04295
14/10/22,18.2,3583.07,1650.2,91.46,2003.0,898.8,2075.5,7507.867465
17/10/22,18.715,3677.95,1657.8,91.98,2006.5,917.2,2062.5,7510.072095
18/10/22,18.625,3719.98,1654.2,90.64,2026.0,908.3,2049.5,7407.5568
19/10/22,18.225,3695.16,1630.2,92.57,1983.5,878.8,2018.25,7316.064655
20/10/22,18.455,3665.78,1625.6,92.73,2050.5,911.8,2000.5,7484.71885
21/10/22,19.4,3752.75,1662.5,93.6,2016.5,934.6,1911.5,7673.214715
24/10/22,19.27,3797.34,1655.9,93.45,1976.5,931.2,1904.0,7568.49479
25/10/22,19.455,3859.11,1661.3,93.06,1928.5,919.0,1880.0,7491.33274
26/10/22,19.49,3830.6,1668.5,94.15,1970.0,961.4,1899.25,7797.77631
27/10/22,19.585,3807.3,1668.7,94.73,1935.5,967.1,1870.5,7765.809175
28/10/22,19.2,3901.06,1648.3,94.16,1901.0,949.5,2003.5,7572.90405
31/10/22,19.36,3871.98,1640.4,92.85,1841.0,932.1,1977.58,7459.365605
01/11/22,19.7,3856.1,1653.8,94.77,1886.5,951.7,1986.75,7644.554525
02/11/22,19.335,3759.69,1640.0,95.52,1841.5,937.2,2000.99,7566.29016
03/11/22,19.635,3719.89,1641.3,94.55,1794.5,921.4,2005.5,7542.03923
04/11/22,20.915,3770.55,1685.7,98.75,1860.5,967.7,2005.55,8152.72174
07/11/22,20.62,3806.8,1672.7,97.93,1890.0,990.2,2041.75,7926.747165
08/11/22,21.415,3828.11,1711.4,95.05,1911.5,1012.1,2060.5,8085.480525
09/11/22,21.18,3748.57,1712.8,92.47,1862.5,998.1,2085.0,8098.708305
10/11/22,21.75,3956.37,1756.1,93.34,1959.0,1047.0,2099.5,8312.557415
11/11/22,21.795,3992.93,1774.2,95.76,2047.0,1043.7,2165.5,8677.42368
14/11/22,22.11,3957.25,1774.0,92.5,2020.0,1026.3,2194.5,8445.93753
15/11/22,21.525,3991.73,1775.1,93.77,2101.5,1028.7,2220.75,8421.6866
16/11/22,21.165,3958.79,1765.0,92.61,2070.5,1014.9,2166.75,8288.306485
17/11/22,21.13,3946.56,1764.7,90.02,2013.0,992.3,2139.0,8121.85692
18/11/22,20.975,3965.34,1752.0,87.74,1935.5,986.4,2141.05,8016.03468
21/11/22,21.18,3949.94,1746.1,87.79,1870.5,989.7,2082.25,7901.39392
22/11/22,20.95,4003.58,1735.2,88.35,1856.5,1000.8,2077.0,7995.090695
23/11/22,21.625,4027.26,1756.0,84.65,1882.5,1007.5,2094.5,8040.28561
25/11/22,21.48,4026.12,1755.0,83.91,1849.0,989.6,2105.5,7981.862915
28/11/22,21.315,3963.94,1752.5,83.24,1848.0,996.9,2103.5,7922.337905
29/11/22,21.465,3957.63,1767.8,84.94,1825.0,1010.5,2123.0,8029.26246
30/11/22,22.535,4080.11,1793.4,86.64,1894.0,1051.6,2181.75,8361.059275
01/12/22,22.82,4076.57,1811.4,87.26,1934.0,1055.9,2161.0,8369.877795
02/12/22,23.355,4071.7,1811.4,85.42,1904.5,1025.3,2189.75,8501.05328
05/12/22,22.53,3998.84,1784.2,83.0,1887.0,1006.5,2225.0,8440.0
06/12/22,22.39,3941.26,1782.5,79.72,1848.5,996.2,2206.5,8384.75
07/12/22,22.79,3933.92,1795.1,77.39,1849.0,1013.0,2196.25,8485.62087
08/12/22,23.475,3963.51,1807.2,76.51,1918.0,1015.2,2198.75,8561.680605
09/12/22,23.68,3934.38,1809.4,76.82,1955.5,1036.6,2192.0,8490.5
12/12/22,23.62,3990.56,1793.3,78.02,1888.5,1010.4,2177.5,8387.514835
13/12/22,23.9,4019.65,1822.1,80.89,1935.5,1041.4,2197.25,8481.21161
14/12/22,23.37,3995.32,1801.1,82.8,1921.0,1036.4,2171.5,8512.07643
15/12/22,23.115,3895.75,1788.3,81.45,1790.5,1013.3,2146.5,8337.91066
16/12/22,23.41,3852.36,1803.0,79.26,1705.5,999.1,2155.25,8309.25047
19/12/22,23.125,3817.66,1799.0,80.1,1665.0,987.8,2173.0,8303.25
20/12/22,24.185,3821.62,1824.1,79.68,1730.0,1012.6,2194.0,8333.75
21/12/22,24.295,3878.44,1829.1,82.28,1688.0,1003.3,2252.25,8369.5
22/12/22,23.805,3822.39,1802.3,81.69,1676.5,984.3,2253.75,8290.5
23/12/22,23.92,3844.82,1806.0,83.97,1752.5,1030.9,2322.5,8328.0
28/12/22,23.89,3783.22,1815.7,83.77,1783.5,1010.9,2264.75,8426.0
29/12/22,24.135,3849.28,1822.7,83.73,1822.0,1067.1,2315.5,8409.5
30/12/22,24.18,3839.5,1830.1,85.99,1789.0,1086.0,2336.5,8364.76
03/01/23,24.305,3824.14,1852.6,82.46,1727.5,1091.4,2333.0,8307.0
04/01/23,23.915,3852.97,1857.5,78.1,1795.0,1089.6,2331.0,8236.0
05/01/23,23.505,3808.1,1842.6,78.88,1742.0,1067.0,2264.75,8361.5
06/01/23,23.98,3895.08,1870.5,78.6,1809.0,1104.4,2231.26,8569.9
09/01/23,23.66,3892.09,1875.4,79.8,1775.5,1092.7,2264.0,8833.0
10/01/23,23.79,3919.25,1881.8,79.62,1774.0,1091.2,2213.25,8890.5
11/01/23,23.74,3969.61,1887.5,82.91,1775.5,1083.0,2204.0,9107.5
12/01/23,23.88,3983.17,1898.7,83.82,1790.0,1080.4,2212.0,9169.05
13/01/23,24.415,3999.09,1923.0,85.43,1788.0,1075.0,2271.0,9168.55
17/01/23,24.12,3990.97,1901.6,86.7,1739.0,1048.2,2239.0,9282.99
18/01/23,23.575,3928.86,1911.3,84.64,1717.5,1047.0,2188.26,9326.0
19/01/23,23.925,3898.85,1925.6,86.38,1752.0,1041.2,2144.0,9301.0
20/01/23,24.06,3972.61,1927.7,87.66,1730.0,1051.9,2086.25,9307.76
23/01/23,23.635,4019.81,1934.0,88.15,1705.0,1058.3,2049.0,9330.77
24/01/23,23.655,4016.95,1929.8,86.42,1733.0,1064.6,2120.6,9291.01
25/01/23,23.985,4016.22,1947.0,86.18,1696.0,1049.7,2158.25,9289.5
26/01/23,23.945,4060.43,1921.8,87.49,1674.0,1026.8,2205.5,9306.5
27/01/23,23.725,4070.56,1927.6,86.21,1606.0,1019.0,2182.25,9242.24
30/01/23,23.71,4017.77,1935.4,84.64,1624.0,1017.2,2151.5,9188.35
31/01/23,23.775,4076.6,1941.4,85.53,1633.5,1018.1,2128.5,9199.55
01/02/23,24.285,4119.21,1968.7,83.06,1659.5,1015.0,2127.0,9078.66634
02/02/23,23.58,4179.76,1929.9,82.1,1652.0,1029.7,2120.75,8986.0
03/02/23,22.395,4136.48,1877.7,79.82,1613.0,980.0,2084.25,8951.25
06/02/23,22.34,4111.08,1885.6,81.4,1586.5,977.8,2087.75,8896.784365
07/02/23,22.34,4164.0,1889.3,84.09,1635.5,982.1,2086.0,8893.0
08/02/23,22.425,4117.86,1891.1,85.02,1635.0,974.6,2135.0,8863.75
09/02/23,21.88,4081.5,1864.8,84.08,1621.5,961.0,2126.25,8952.24
10/02/23,22.005,4090.46,1876.4,86.06,1524.5,951.3,2068.75,8828.76
13/02/23,21.98,4137.29,1868.4,85.78,1547.5,961.1,2087.5,8956.309375
14/02/23,21.745,4136.13,1858.3,85.25,1483.5,935.4,2086.0,8921.0
15/02/23,21.74,4147.6,1848.9,85.28,1449.5,919.7,2039.75,8873.63575
16/02/23,21.445,4090.41,1836.0,84.82,1500.0,921.5,2016.75,8991.5
17/02/23,21.72,4079.09,1851.3,83.15,1493.0,920.8,2056.25,8950.25
21/02/23,21.855,3997.34,1845.0,82.73,1522.5,945.5,2141.99,9183.5
22/02/23,21.65,3991.05,1837.6,80.47,1477.0,951.1,2097.5,9103.0
23/02/23,21.3,4012.32,1832.9,82.43,1440.5,948.3,2050.25,8884.99
24/02/23,20.74,3970.04,1818.0,82.85,1397.0,909.4,2077.75,8716.004705
27/02/23,20.685,3982.24,1821.0,82.06,1402.5,938.3,2117.25,8844.97556
28/02/23,21.16,3970.15,1836.8,83.11,1410.0,942.4,2103.0,8951.0
01/03/23,21.035,3951.39,1840.4,84.43,1433.5,951.2,2140.5,9084.0
06/03/23,21.155,4048.42,1852.5,86.25,1425.0,979.5,2115.65,8893.25
07/03/23,20.055,3986.37,1815.6,83.08,1371.0,934.7,2082.0,8737.5
08/03/23,20.105,3992.01,1817.8,82.52,1353.0,941.5,2086.5,8886.0
09/03/23,19.985,3918.32,1833.7,81.56,1378.0,945.5,2082.25,8832.3
10/03/23,20.605,3861.59,1872.7,82.64,1368.0,963.2,2075.5,8847.0
14/03/23,21.885,3919.29,1907.1,77.61,1498.5,990.0,2079.55,8831.74778
15/03/23,21.845,3891.93,1916.8,74.27,1454.5,968.6,2062.75,8558.37366
16/03/23,22.05,3960.28,1931.9,74.71,1427.5,982.6,2058.0,8508.75
17/03/23,22.75,3916.64,1993.7,72.47,1415.0,980.9,2090.25,8573.25
20/03/23,22.69,3951.57,1987.6,73.77,1404.0,995.6,2134.0,8701.25
21/03/23,22.505,4002.87,1942.4,75.07,1395.0,979.1,2119.0,8761.0
22/03/23,23.085,3959.21,1979.4,75.47,1438.0,992.3,2147.75,8900.5
23/03/23,23.245,3948.72,1995.4,75.15,1428.0,990.5,2144.5,9033.0
24/03/23,23.365,3970.99,1981.0,74.61,1412.0,986.3,2149.5,8977.25336
28/03/23,23.365,3971.27,1967.5,78.42,1418.0,962.6,2156.25,8968.25
29/03/23,23.495,4027.81,1959.8,77.53,1430.0,965.6,2168.25,8991.583455
30/03/23,24.07,4050.83,1998.8,78.56,1463.0,996.2,2161.5,9003.25
31/03/23,24.235,4109.31,1987.0,79.93,1455.5,1000.3,2123.25,9003.5
03/04/23,24.02,4124.51,1995.4,84.78,1458.0,998.2,2118.5,8917.0
04/04/23,25.24,4100.6,2039.7,85.26,1456.0,1029.3,2116.75,8740.25
05/04/23,24.96,4090.38,2027.9,84.88,1425.5,1011.7,2115.5,8784.75
06/04/23,25.13,4105.02,2023.7,84.94,1465.0,1017.0,2103.74,8806.75
11/04/23,25.495,4108.94,2032.1,85.62,1444.0,1006.4,2104.5,8851.5
12/04/23,25.62,4091.95,2031.6,87.23,1460.0,1030.7,2154.9,8916.8
13/04/23,26.16,4146.22,2059.4,86.31,1509.0,1063.7,2178.5,9065.75
14/04/23,25.465,4137.64,2017.7,86.63,1504.0,1058.5,2198.0,9030.25
17/04/23,25.125,4151.32,2012.2,84.83,1567.5,1062.5,2138.25,8962.95
18/04/23,25.265,4154.87,2015.9,84.87,1632.0,1096.7,2178.0,9004.4
19/04/23,25.25,4154.52,2004.4,82.88,1604.5,1101.6,2178.5,8947.75
20/04/23,25.305,4129.79,2013.5,80.86,1592.5,1110.5,2184.0,8865.25
21/04/23,25.155,4133.52,1994.1,81.88,1602.0,1141.3,2196.25,8778.5
24/04/23,25.23,4137.04,2002.8,82.54,1539.0,1102.9,2176.5,8710.0
25/04/23,25.04,4071.63,2004.6,80.76,1496.0,1108.1,2130.76,8506.0
26/04/23,25.105,4055.99,2008.5,77.77,1508.0,1105.1,2121.75,8535.25
27/04/23,25.215,4135.35,1997.6,78.28,1487.0,1094.0,2121.85,8569.5
28/04/23,25.335,4169.48,1999.4,80.34,1495.5,1088.5,2173.5,8577.0
02/05/23,25.61,4119.58,2027.3,75.23,1424.0,1074.4,2176.5,8490.0
03/05/23,26.03,4090.75,2049.7,71.93,1413.0,1069.9,2127.75,8442.75
04/05/23,26.31,4061.22,2057.9,72.54,1444.5,1053.5,2088.0,8474.4
05/05/23,25.94,4136.25,2025.7,75.31,1488.5,1068.7,2106.5,8560.25
09/05/23,25.87,4119.17,2038.6,77.28,1577.5,1116.4,2132.14,8562.25
10/05/23,25.56,4137.64,2038.4,76.59,1602.0,1126.3,2088.0,8425.0
11/05/23,24.19,4130.62,2016.5,75.43,1554.0,1102.3,2100.0,8150.5
12/05/23,24.13,4124.08,2015.7,74.22,1506.0,1058.1,2051.0,8150.0
15/05/23,24.21,4136.28,2021.3,75.56,1521.5,1070.7,2051.0,8185.0
16/05/23,23.92,4109.9,1994.8,74.75,1498.5,1068.3,2025.0,8067.0
17/05/23,23.88,4158.77,1984.9,76.78,1482.0,1079.2,2025.0,8125.0
18/05/23,23.77,4198.05,1965.5,75.95,1464.5,1058.6,2025.0,8100.0
19/05/23,24.01,4191.98,1979.2,75.79,1512.0,1071.7,2025.0,8000.0
22/05/23,23.71,4192.63,1964.6,75.94,1485.0,1075.9,2092.0,8061.53
23/05/23,23.54,4145.58,1978.3,77.5,1454.0,1060.3,2071.5,8035.74
24/05/23,23.14,4115.24,1957.8,78.34,1414.5,1031.1,2046.75,7851.75
25/05/23,23.02,4151.28,1948.4,76.23,1413.5,1026.5,2073.0,7914.75
26/05/23,23.44,4205.45,1946.8,77.09,1424.5,1029.1,2078.25,8106.0
30/05/23,23.24,4205.52,1976.4,73.69,1405.5,1027.9,2064.75,8103.0
31/05/23,23.62,4179.83,1981.5,72.13,1364.5,1001.5,2011.53,8070.0
01/06/23,24.08,4221.02,1999.6,74.32,1388.0,1009.3,1995.5,8240.0
02/06/23,23.71,4282.37,1964.9,76.29,1418.0,1008.7,2038.5,8233.5
05/06/23,23.68,4273.79,1975.0,76.6,1412.0,1034.6,2035.5,8331.01
06/06/23,23.63,4283.85,1979.3,76.12,1413.0,1040.1,2034.5,8334.0
07/06/23,23.63,4267.52,1960.7,76.8,1390.0,1026.6,2049.75,8292.1
08/06/23,24.37,4293.93,1978.7,75.52,1357.5,1015.6,2052.0,8336.0
09/06/23,24.4,4298.86,1975.5,74.97,1315.5,1013.2,2074.0,8349.0
12/06/23,24.24,4338.93,1975.8,72.11,1345.5,997.8,2095.0,8282.0
13/06/23,23.89,4369.01,1962.4,74.19,1356.0,983.6,2111.5,8450.0
14/06/23,23.51,4372.59,1946.8,73.61,1383.0,981.1,2148.0,8509.25
15/06/23,23.99,4425.84,1968.9,75.63,1390.0,993.4,2161.5,8555.99
16/06/23,24.25,4409.59,1969.1,76.56,1413.5,987.4,2188.5,8555.0
20/06/23,23.19,4388.71,1947.9,75.42,1381.5,965.9,2209.0,8552.25
21/06/23,22.64,4365.69,1942.6,77.03,1345.5,948.5,2272.5,8606.25
22/06/23,22.17,4381.89,1921.9,74.23,1282.0,925.0,2231.0,8579.25
23/06/23,22.44,4348.33,1929.7,74.14,1278.0,920.6,2176.25,8409.24
26/06/23,22.96,4328.82,1937.7,74.39,1304.5,928.6,2124.5,8422.0
27/06/23,22.94,4378.41,1924.0,72.69,1294.5,926.4,2161.25,8382.0
28/06/23,22.98,4376.86,1913.8,73.57,1256.0,920.6,2120.5,8259.5
29/06/23,22.78,4396.44,1916.7,74.31,1223.5,904.5,2094.5,8177.0
30/06/23,22.96,4450.38,1926.0,75.19,1225.5,910.2,2143.5,8322.05
03/07/23,23.12,4455.59,1930.7,74.96,1239.5,919.6,2125.5,8397.0
05/07/23,23.33,4446.82,1924.5,76.53,1250.0,923.6,2060.75,8304.0
06/07/23,22.88,4411.59,1916.8,76.51,1236.0,908.7,2058.25,8246.0
07/07/23,23.28,4398.95,1930.5,78.3,1243.5,916.7,2058.55,8360.5
10/07/23,23.4,4409.53,1932.0,77.79,1235.0,935.3,2061.75,8356.49
11/07/23,23.42,4439.26,1943.7,79.35,1241.0,931.9,2056.75,8305.0
12/07/23,24.44,4472.16,1965.1,80.2,1285.5,959.8,2091.26,8488.75
13/07/23,25.1,4510.04,1966.6,81.54,1288.0,980.6,2126.5,8687.0
14/07/23,25.14,4505.42,1959.8,79.66,1267.0,982.1,2116.25,8661.75
17/07/23,25.1,4522.79,1963.1,78.56,1281.0,986.3,2088.5,8468.0
18/07/23,25.25,4554.98,1979.2,79.82,1318.5,995.4,2081.25,8444.99
19/07/23,25.43,4565.72,1987.7,79.54,1301.5,980.8,2074.5,8401.79
20/07/23,24.99,4534.87,1972.1,79.62,1280.5,968.0,2100.5,8460.75
21/07/23,24.8,4536.34,1964.1,80.86,1286.5,971.5,2137.75,8422.5
24/07/23,24.7,4554.64,1963.2,82.75,1275.0,967.0,2172.5,8487.75
25/07/23,24.79,4567.46,1965.3,83.2,1286.5,978.2,2173.25,8641.25
26/07/23,25.21,4566.75,1978.0,82.95,1254.5,973.2,2140.75,8577.25
27/07/23,24.36,4537.41,1991.8,83.86,1237.5,945.2,2155.5,8528.0
28/07/23,24.45,4582.23,1997.5,84.92,1242.0,943.9,2154.5,8625.49
31/07/23,24.89,4588.96,2004.0,85.33,1284.0,960.9,2145.75,8800.0
01/08/23,24.47,4576.73,1986.2,85.68,1245.0,941.7,2144.76,8594.25
02/08/23,23.79,4513.39,1972.6,83.38,1238.5,927.4,2145.25,8469.24
03/08/23,23.62,4501.89,1970.3,85.25,1253.5,922.1,2149.75,8570.5
04/08/23,23.71,4478.03,1977.1,86.0,1256.5,929.0,2120.3,8523.25
07/08/23,23.2,4518.44,1967.8,85.91,1236.5,924.0,2128.75,8436.11
08/08/23,22.96,4499.38,1963.9,86.18,1220.0,904.2,2114.93,8303.0
09/08/23,22.75,4467.71,1951.2,87.51,1234.0,893.4,2123.25,8363.26
10/08/23,22.76,4468.83,1946.6,86.33,1293.0,911.0,2132.0,8320.0
11/08/23,22.75,4464.05,1945.5,86.6,1300.0,916.5,2100.75,8255.6
14/08/23,22.65,4489.72,1939.4,86.19,1271.5,904.5,2087.0,8242.75
15/08/23,22.63,4437.86,1934.9,85.08,1242.0,892.9,2119.5,8143.5
16/08/23,22.49,4404.33,1922.3,83.37,1209.5,886.6,2123.22,8115.25
17/08/23,22.64,4370.36,1924.1,83.72,1214.0,890.7,2150.01,8200.85
18/08/23,22.78,4369.71,1917.7,84.72,1258.0,916.2,2168.0,8213.75
21/08/23,23.35,4399.77,1924.7,84.59,1246.0,914.1,2182.5,8239.0
22/08/23,23.61,4387.55,1929.9,83.89,1262.0,925.9,2166.75,8330.7
23/08/23,24.34,4436.01,1948.9,83.07,1288.5,937.1,2205.0,8424.25
24/08/23,24.09,4376.31,1941.0,83.23,1246.5,941.3,2195.0,8326.5
25/08/23,24.27,4405.71,1941.4,84.62,1226.0,951.7,2171.75,8319.25
29/08/23,25.05,4497.63,1964.7,85.53,1252.5,985.7,2213.51,8411.0
30/08/23,25.01,4514.87,1970.4,85.95,1234.0,984.8,2196.0,8445.55
31/08/23,24.83,4507.66,1965.5,86.82,1229.0,977.3,2246.4,8404.5
01/09/23,24.55,4515.77,1966.2,88.77,1224.0,968.8,2275.0,8479.25
05/09/23,23.89,4496.83,1951.6,90.05,1221.0,934.7,2296.5,8482.5
06/09/23,23.45,4465.48,1944.2,90.63,1215.0,915.3,2278.5,8358.75
07/09/23,23.36,4451.14,1948.8,89.76,1218.0,911.1,2288.0,8309.25
08/09/23,23.2,4457.49,1942.8,90.46,1196.5,896.6,2285.89,8229.0
11/09/23,23.47,4487.46,1946.8,90.61,1218.0,901.4,2305.5,8375.5
12/09/23,23.2,4461.9,1931.7,91.96,1244.5,914.1,2264.0,8367.5
13/09/23,23.05,4467.44,1931.1,92.19,1258.0,903.1,2259.44,8397.5
14/09/23,23.16,4505.1,1937.1,94.14,1247.0,910.1,2287.0,8372.25
15/09/23,23.29,4450.32,1944.7,94.21,1250.0,930.7,2299.25,8350.35
18/09/23,23.46,4453.53,1953.6,94.57,1250.5,940.1,2276.5,8299.8
19/09/23,23.34,4443.95,1951.3,94.4,1268.0,945.0,2233.5,8233.5
20/09/23,23.43,4402.2,1948.3,93.2,1266.0,928.7,2215.0,8281.5
21/09/23,23.78,4330.0,1943.2,93.24,1269.5,926.2,2197.05,8129.75
22/09/23,23.81,4320.06,1944.4,93.63,1258.5,933.2,2239.75,8161.74
25/09/23,23.23,4337.44,1932.3,93.41,1232.0,915.7,2215.5,8075.4
26/09/23,23.02,4273.53,1917.9,94.07,1227.0,905.1,2219.5,8034.15
27/09/23,22.73,4274.51,1891.4,96.71,1225.0,897.3,2174.5,8056.5
28/09/23,23.07,4299.7,1880.0,95.14,1275.0,918.7,2220.0,8167.05
29/09/23,22.39,4288.05,1864.9,92.29,1253.5,915.0,2200.0,8212.5
02/10/23,21.14,4288.39,1836.1,90.48,1209.0,884.8,2162.5,7978.0
03/10/23,21.19,4229.45,1835.9,91.1,1180.0,876.0,2138.25,7929.0
04/10/23,21.37,4263.75,1842.6,86.09,1173.5,872.2,2138.25,7875.0
05/10/23,21.17,4258.19,1837.8,84.18,1149.0,865.1,2168.0,7823.75
06/10/23,21.69,4308.5,1844.0,84.47,1161.5,884.7,2183.35,7971.25
09/10/23,21.94,4335.66,1875.9,88.25,1144.0,894.2,2159.5,8039.25
10/10/23,21.99,4358.24,1873.4,87.72,1173.5,886.9,2124.0,7945.0
11/10/23,22.27,4376.95,1890.4,85.54,1174.5,894.5,2116.55,7946.5
12/10/23,22.1,4349.61,1886.1,86.26,1143.0,874.4,2072.25,7915.75
13/10/23,22.83,4327.78,1942.5,90.94,1149.0,887.7,2064.75,7875.81
16/10/23,22.66,4373.63,1929.5,90.16,1149.0,897.6,2112.5,7915.5
17/10/23,23.24,4373.2,1950.3,90.91,1141.5,903.9,2100.0,7902.75
18/10/23,22.98,4314.6,1958.1,91.41,1133.0,892.9,2117.75,7901.5
19/10/23,23.11,4278.0,1989.6,93.05,1116.5,899.4,2122.0,7928.0
20/10/23,23.52,4224.16,1990.8,92.19,1104.5,903.6,2140.75,7879.76
23/10/23,23.29,4217.04,1987.9,90.5,1128.5,902.5,2166.5,7900.76
24/10/23,23.06,4247.68,1983.9,88.08,1133.5,894.1,2166.75,7985.0
25/10/23,23.08,4186.77,1997.3,90.13,1128.5,909.2,2124.0,7958.5
26/10/23,23.0,4137.23,1997.8,88.16,1147.0,912.4,2132.5,7911.0
27/10/23,23.22,4117.37,2015.6,90.02,1131.0,912.0,2155.5,8030.0
30/10/23,23.3,4166.82,2001.5,87.91,1137.0,940.7,2142.5,8068.75
31/10/23,22.76,4193.8,1985.6,85.62,1132.0,942.0,2081.75,8029.0
01/11/23,23.11,4237.86,1993.2,84.9,1121.5,934.9,2095.24,8030.0
02/11/23,22.81,4317.78,1993.1,86.96,1121.0,931.2,2115.0,8064.0
03/11/23,23.32,4358.34,1999.9,85.17,1128.0,941.3,2177.25,8095.7
06/11/23,22.97,4365.98,1977.9,85.21,1112.0,914.3,2177.5,8157.74
07/11/23,22.57,4378.38,1973.7,81.41,1060.5,898.5,2192.0,8101.0
08/11/23,22.48,4382.78,1954.4,79.71,1059.0,874.8,2191.05,8058.5
09/11/23,22.77,4347.35,1962.6,79.87,997.0,864.3,2197.8,8068.11
10/11/23,22.27,4415.24,1939.9,81.55,969.0,845.6,2183.83,7954.69
13/11/23,22.41,4411.55,1948.5,82.7,987.0,869.6,2167.01,8081.25
14/11/23,23.25,4495.7,1971.1,82.37,1020.5,890.7,2209.5,8144.0
15/11/23,23.51,4502.88,1965.3,81.07,1039.0,901.3,2249.5,8172.25
16/11/23,23.89,4508.24,1988.6,77.45,1039.5,898.4,2285.43,8122.0
17/11/23,23.8,4514.02,1983.5,80.52,1061.5,903.5,2297.0,8168.2
20/11/23,23.84,4547.38,1994.0,82.03,1086.0,926.1,2272.5,8340.25
21/11/23,23.86,4538.19,2000.8,82.39,1084.0,941.0,2268.01,8353.0
22/11/23,23.75,4556.62,1996.0,81.66,1061.5,931.7,2211.25,8252.99
24/11/23,24.38,4559.34,2003.7,80.23,1075.5,939.5,2181.3,8329.75
27/11/23,24.66,4550.43,2015.5,80.08,1076.0,928.4,2138.5,8259.25
28/11/23,25.44,4554.89,2067.4,81.66,1070.0,949.6,2125.75,8387.75
29/11/23,25.38,4550.58,2064.8,82.9,1039.5,938.0,2116.9,8336.5
30/11/23,25.7,4567.8,2059.7,80.35,1022.0,936.1,2092.2,8387.5
01/12/23,25.89,4594.63,2089.3,79.07,1012.5,940.8,2087.5,8538.52
04/12/23,24.93,4569.78,2050.2,78.2,979.5,924.3,2054.0,8362.75
05/12/23,24.6,4567.18,2039.6,77.0,941.5,906.3,2020.0,8252.75
06/12/23,24.14,4549.34,2043.0,74.28,951.0,894.8,1991.26,8201.25
07/12/23,24.15,4585.59,2047.8,74.56,975.0,909.6,1973.25,8258.0
08/12/23,23.34,4604.37,2019.0,75.8,950.0,921.8,1984.5,8366.25
11/12/23,23.21,4622.44,2000.8,76.11,966.5,916.5,2016.0,8249.1
12/12/23,22.94,4643.7,1993.1,73.32,986.5,935.8,2002.0,8259.75
13/12/23,24.11,4707.09,2045.8,74.62,1004.0,943.1,1999.0,8237.4
14/12/23,24.43,4719.55,2051.0,76.6,1111.5,963.5,2037.0,8460.51
15/12/23,24.15,4719.19,2034.7,76.64,1185.5,947.9,2046.25,8454.65
18/12/23,24.12,4740.56,2037.6,78.04,1192.5,953.9,2018.75,8393.81
19/12/23,24.41,4768.37,2053.7,79.27,1241.0,960.6,2029.25,8500.5
20/12/23,24.58,4698.35,2048.0,79.15,1210.5,966.0,2048.0,8488.5
21/12/23,24.71,4746.75,2061.1,79.34,1233.0,970.9,2035.75,8508.5
22/12/23,24.44,4754.63,2064.8,79.19,1214.5,978.4,2030.0,8483.5
27/12/23,24.69,4781.58,2096.6,79.34,1165.0,1014.5,2051.5,8589.0
28/12/23,24.07,4783.35,2079.2,77.48,1137.0,1020.3,2052.75,8530.25
29/12/23,24.05,4769.83,2075.3,77.08,1106.5,1005.3,2034.5,8463.92
02/01/24,23.91,4742.83,2073.0,76.04,1086.5,996.6,2025.25,8440.5
03/01/24,23.15,4704.81,2050.3,78.44,1072.5,986.5,2008.75,8418.5
04/01/24,23.31,4688.68,2051.3,77.74,1046.0,967.3,2007.11,8367.8
05/01/24,23.37,4697.24,2051.1,78.75,1032.5,972.1,2042.25,8310.0
08/01/24,23.33,4763.54,2038.9,76.27,1005.0,959.7,2029.75,8339.69
09/01/24,23.13,4756.5,2035.3,77.49,987.0,943.6,2019.5,8263.4
10/01/24,23.19,4783.45,2036.1,76.78,1011.5,929.8,2055.0,8269.0
11/01/24,23.04,4780.24,2038.9,78.48,998.5,928.6,2067.2,8262.2
12/01/24,23.32,4783.83,2051.3,78.45,977.5,915.9,2064.57,8241.2
16/01/24,23.01,4765.98,2028.5,77.9,941.5,906.1,2077.75,8268.0
17/01/24,22.75,4739.21,2010.0,78.11,919.5,893.1,2030.52,8174.25
18/01/24,22.83,4780.94,2022.9,78.96,948.0,919.0,2050.5,8223.8
19/01/24,22.73,4839.81,2030.6,78.85,947.0,908.6,2091.5,8271.76
22/01/24,22.4,4850.43,2029.0,79.89,938.5,901.7,2115.59,8254.5
23/01/24,22.52,4864.6,2025.3,79.73,952.0,908.5,2166.62,8312.0
24/01/24,22.84,4868.55,2015.5,80.23,968.0,908.3,2172.12,8472.49
25/01/24,23.02,4894.16,2020.9,82.36,943.0,898.0,2159.84,8477.5
26/01/24,22.9,4890.97,2017.9,83.58,963.0,921.8,2173.81,8448.05
29/01/24,23.26,4927.93,2049.5,82.46,987.5,938.3,2182.27,8455.0
30/01/24,23.21,4924.97,2052.6,82.75,980.5,930.6,2183.09,8511.75
31/01/24,23.1,4845.65,2063.0,80.69,985.0,928.3,2166.96,8500.5
01/02/24,23.27,4906.19,2072.3,78.82,968.0,922.7,2158.09,8425.5
02/02/24,22.8,4958.61,2054.5,77.24,952.0,901.6,2145.71,8374.34
05/02/24,22.44,4942.81,2042.2,77.93,953.0,904.6,2112.72,8247.24
06/02/24,22.43,4954.23,2051.1,78.77,951.5,911.7,2116.8,8293.25
07/02/24,22.32,4995.06,2047.4,79.43,898.5,890.9,2103.11,8198.74
08/02/24,22.69,4997.91,2047.5,81.75,896.0,895.4,2055.75,8085.02
09/02/24,22.66,5026.61,2040.3,81.93,867.0,881.1,2042.16,8065.04
12/02/24,22.78,5021.84,2032.4,82.08,898.0,896.4,2027.85,8128.68
13/02/24,22.09,4953.17,2005.0,82.66,862.5,879.3,2008.2,8155.5
14/02/24,22.46,5000.62,2003.6,81.44,939.5,897.6,2030.67,8097.0
15/02/24,23.01,5029.73,2015.4,82.85,958.5,905.0,2054.57,8223.0
16/02/24,23.48,5005.57,2024.2,83.37,947.0,915.5,2073.47,8409.16
20/02/24,23.2,4975.51,2041.7,82.56,980.0,912.0,2056.57,8423.99
21/02/24,23.01,4981.8,2038.7,83.16,953.0,891.9,2088.06,8456.5
22/02/24,22.8,5087.03,2035.5,83.42,970.5,907.4,2097.79,8499.5
23/02/24,22.98,5088.8,2046.9,81.71,980.5,906.8,2106.39,8475.0
26/02/24,22.54,5069.53,2043.0,82.58,954.5,884.8,2109.51,8361.5
27/02/24,22.62,5078.18,2039.0,83.13,944.5,894.6,2098.42,8375.25
28/02/24,22.71,5069.76,2043.5,83.4,932.5,883.9,2088.34,8354.75
29/02/24,22.94,5096.27,2053.8,82.02,951.0,883.6,2057.75,8401.5
01/03/24,23.4,5137.08,2093.5,83.49,960.5,892.2,2026.01,8416.0
04/03/24,23.95,5130.95,2123.9,82.84,968.5,902.0,2036.55,8455.91
05/03/24,23.85,5078.65,2134.2,82.08,952.0,886.9,2035.79,8400.75
06/03/24,24.41,5104.76,2165.5,82.91,1055.5,909.1,2063.65,8484.25
07/03/24,24.57,5157.36,2164.6,83.36,1048.5,924.1,2107.55,8546.49
08/03/24,24.49,5123.69,2183.6,81.94,1031.0,916.8,2096.94,8487.27
12/03/24,24.32,5175.27,2164.2,82.36,1047.5,926.1,2137.7,8560.7
